id,job_id,recruiter_id,title,description,location,job_type,created_at
1,1001,7,Cloud Engineer,"Hiring a Cloud Engineer with expertise in AWS, Azure, or GCP. Responsibilities include managing cloud infrastructure, optimizing deployments, and security.",Remote,Internship,2024-01-08 00:00:00
2,1002,9,Full Stack Engineer,"Hiring a Full Stack Engineer with experience in React, backend frameworks like Django or Node.js, API development, and databases. The candidate should deliver end-to-end features across the stack.","Bangalore, India",Internship,2024-02-24 00:00:00
3,1003,10,Data Analyst,"Looking for a Data Analyst with strong skills in SQL, Python, Pandas, and data visualization tools such as Power BI or Tableau. Responsibilities include analyzing datasets, building dashboards, and generating business insights.",Remote,Contract,2024-09-24 00:00:00
4,1004,6,Data Analyst,"Looking for a Data Analyst with strong skills in SQL, Python, Pandas, and data visualization tools such as Power BI or Tableau. Responsibilities include analyzing datasets, building dashboards, and generating business insights.","Delhi, India",Part-time,2024-07-01 00:00:00
5,1005,10,Cybersecurity Analyst,"Looking for a Cybersecurity Analyst with knowledge of cybersecurity, network security, penetration testing, ethical hacking, and risk assessment.",Remote,Internship,2024-12-03 00:00:00
6,1006,4,Backend Engineer,"We are looking for a Backend Engineer with strong experience in Python, FastAPI or Django, REST APIs, and relational databases such as PostgreSQL. The role involves designing scalable backend systems, handling authentication, and integrating third-party services.","Hyderabad, India",Full-time,2024-06-15 00:00:00
7,1007,1,Data Analyst,"Looking for a Data Analyst with strong skills in SQL, Python, Pandas, and data visualization tools such as Power BI or Tableau. Responsibilities include analyzing datasets, building dashboards, and generating business insights.","Delhi, India",Part-time,2024-09-06 00:00:00
8,1008,10,Cloud Engineer,"Hiring a Cloud Engineer with expertise in AWS, Azure, or GCP. Responsibilities include managing cloud infrastructure, optimizing deployments, and security.","Mumbai, India",Full-time,2024-07-22 00:00:00
9,1009,6,Data Engineer,"We are hiring a Data Engineer experienced in ETL pipelines, SQL databases, Python, and data processing systems. Knowledge of data warehousing is a plus.","Delhi, India",Full-time,2024-01-14 00:00:00
10,1010,2,Data Analyst,"Looking for a Data Analyst with strong skills in SQL, Python, Pandas, and data visualization tools such as Power BI or Tableau. Responsibilities include analyzing datasets, building dashboards, and generating business insights.","Delhi, India",Internship,2024-07-13 00:00:00
11,1011,5,DevOps Engineer,"Hiring a DevOps Engineer with hands-on experience in Docker, Kubernetes, CI/CD pipelines, Jenkins, Git, and cloud platforms such as AWS or Azure.","Pune, India",Contract,2024-11-17 00:00:00
12,1012,4,DevOps Engineer,"Hiring a DevOps Engineer with hands-on experience in Docker, Kubernetes, CI/CD pipelines, Jenkins, Git, and cloud platforms such as AWS or Azure.",Remote,Full-time,2024-08-22 00:00:00
13,1013,4,QA Automation Engineer,"Looking for a QA Automation Engineer with experience in Selenium, Python, automation frameworks, and CI/CD integration to ensure software quality.",Remote,Contract,2024-02-08 00:00:00
14,1014,8,Data Analyst,"Looking for a Data Analyst with strong skills in SQL, Python, Pandas, and data visualization tools such as Power BI or Tableau. Responsibilities include analyzing datasets, building dashboards, and generating business insights.","Mumbai, India",Internship,2024-09-23 00:00:00
15,1015,5,Data Analyst,"Looking for a Data Analyst with strong skills in SQL, Python, Pandas, and data visualization tools such as Power BI or Tableau. Responsibilities include analyzing datasets, building dashboards, and generating business insights.","Bangalore, India",Part-time,2024-08-09 00:00:00
16,1016,6,Data Engineer,"We are hiring a Data Engineer experienced in ETL pipelines, SQL databases, Python, and data processing systems. Knowledge of data warehousing is a plus.","Hyderabad, India",Contract,2024-11-20 00:00:00
17,1017,1,Cloud Engineer,"Hiring a Cloud Engineer with expertise in AWS, Azure, or GCP. Responsibilities include managing cloud infrastructure, optimizing deployments, and security.",Remote,Full-time,2024-02-21 00:00:00
18,1018,6,Software Engineer,"We are seeking a Software Engineer proficient in Python or Java, with strong software development fundamentals, debugging skills, and system design knowledge.","Mumbai, India",Full-time,2024-12-07 00:00:00
19,1019,3,Cybersecurity Analyst,"Looking for a Cybersecurity Analyst with knowledge of cybersecurity, network security, penetration testing, ethical hacking, and risk assessment.","Pune, India",Contract,2024-07-03 00:00:00
20,1020,7,Cloud Engineer,"Hiring a Cloud Engineer with expertise in AWS, Azure, or GCP. Responsibilities include managing cloud infrastructure, optimizing deployments, and security.",Remote,Internship,2024-06-23 00:00:00
21,1021,9,DevOps Engineer,"Hiring a DevOps Engineer with hands-on experience in Docker, Kubernetes, CI/CD pipelines, Jenkins, Git, and cloud platforms such as AWS or Azure.","Mumbai, India",Part-time,2024-09-07 00:00:00
22,1022,7,Data Analyst,"Looking for a Data Analyst with strong skills in SQL, Python, Pandas, and data visualization tools such as Power BI or Tableau. Responsibilities include analyzing datasets, building dashboards, and generating business insights.","Bangalore, India",Internship,2024-01-20 00:00:00
23,1023,5,Frontend Engineer,"Seeking a Frontend Engineer skilled in React, JavaScript, HTML, CSS, and modern UI frameworks. Responsibilities include building responsive interfaces, collaborating with backend teams, and ensuring high-quality user experience.","Bangalore, India",Contract,2024-08-05 00:00:00
24,1024,1,Machine Learning Engineer,"Seeking a Machine Learning Engineer with experience in Python, machine learning, scikit-learn, model training, and deployment. Familiarity with NLP and embeddings is preferred.","Pune, India",Full-time,2024-06-20 00:00:00
25,1025,3,Full Stack Engineer,"Hiring a Full Stack Engineer with experience in React, backend frameworks like Django or Node.js, API development, and databases. The candidate should deliver end-to-end features across the stack.","Bangalore, India",Full-time,2024-10-18 00:00:00
26,1026,3,Cybersecurity Analyst,"Looking for a Cybersecurity Analyst with knowledge of cybersecurity, network security, penetration testing, ethical hacking, and risk assessment.","Hyderabad, India",Contract,2024-02-26 00:00:00
27,1027,1,DevOps Engineer,"Hiring a DevOps Engineer with hands-on experience in Docker, Kubernetes, CI/CD pipelines, Jenkins, Git, and cloud platforms such as AWS or Azure.","Pune, India",Internship,2024-09-02 00:00:00
28,1028,6,Cloud Engineer,"Hiring a Cloud Engineer with expertise in AWS, Azure, or GCP. Responsibilities include managing cloud infrastructure, optimizing deployments, and security.",Remote,Full-time,2024-07-09 00:00:00
29,1029,6,Cybersecurity Analyst,"Looking for a Cybersecurity Analyst with knowledge of cybersecurity, network security, penetration testing, ethical hacking, and risk assessment.",Remote,Part-time,2024-07-28 00:00:00
30,1030,10,Cybersecurity Analyst,"Looking for a Cybersecurity Analyst with knowledge of cybersecurity, network security, penetration testing, ethical hacking, and risk assessment.",Remote,Part-time,2024-05-18 00:00:00
31,1031,10,Frontend Engineer,"Seeking a Frontend Engineer skilled in React, JavaScript, HTML, CSS, and modern UI frameworks. Responsibilities include building responsive interfaces, collaborating with backend teams, and ensuring high-quality user experience.",Remote,Internship,2024-05-17 00:00:00
32,1032,4,Data Analyst,"Looking for a Data Analyst with strong skills in SQL, Python, Pandas, and data visualization tools such as Power BI or Tableau. Responsibilities include analyzing datasets, building dashboards, and generating business insights.","Pune, India",Internship,2024-09-22 00:00:00
33,1033,8,DevOps Engineer,"Hiring a DevOps Engineer with hands-on experience in Docker, Kubernetes, CI/CD pipelines, Jenkins, Git, and cloud platforms such as AWS or Azure.","Hyderabad, India",Internship,2024-08-28 00:00:00
34,1034,10,QA Automation Engineer,"Looking for a QA Automation Engineer with experience in Selenium, Python, automation frameworks, and CI/CD integration to ensure software quality.","Hyderabad, India",Part-time,2024-05-13 00:00:00
35,1035,8,DevOps Engineer,"Hiring a DevOps Engineer with hands-on experience in Docker, Kubernetes, CI/CD pipelines, Jenkins, Git, and cloud platforms such as AWS or Azure.","Mumbai, India",Full-time,2024-08-09 00:00:00
36,1036,4,Cybersecurity Analyst,"Looking for a Cybersecurity Analyst with knowledge of cybersecurity, network security, penetration testing, ethical hacking, and risk assessment.","Mumbai, India",Contract,2024-06-09 00:00:00
37,1037,9,Data Analyst,"Looking for a Data Analyst with strong skills in SQL, Python, Pandas, and data visualization tools such as Power BI or Tableau. Responsibilities include analyzing datasets, building dashboards, and generating business insights.","Bangalore, India",Internship,2024-06-13 00:00:00
38,1038,10,QA Automation Engineer,"Looking for a QA Automation Engineer with experience in Selenium, Python, automation frameworks, and CI/CD integration to ensure software quality.","Hyderabad, India",Contract,2024-06-23 00:00:00
39,1039,2,Backend Engineer,"We are looking for a Backend Engineer with strong experience in Python, FastAPI or Django, REST APIs, and relational databases such as PostgreSQL. The role involves designing scalable backend systems, handling authentication, and integrating third-party services.","Bangalore, India",Internship,2024-12-05 00:00:00
40,1040,8,Cybersecurity Analyst,"Looking for a Cybersecurity Analyst with knowledge of cybersecurity, network security, penetration testing, ethical hacking, and risk assessment.",Remote,Full-time,2024-01-23 00:00:00
41,1041,10,Data Engineer,"We are hiring a Data Engineer experienced in ETL pipelines, SQL databases, Python, and data processing systems. Knowledge of data warehousing is a plus.","Pune, India",Contract,2024-06-26 00:00:00
42,1042,4,Software Engineer,"We are seeking a Software Engineer proficient in Python or Java, with strong software development fundamentals, debugging skills, and system design knowledge.","Mumbai, India",Internship,2024-08-28 00:00:00
43,1043,6,Full Stack Engineer,"Hiring a Full Stack Engineer with experience in React, backend frameworks like Django or Node.js, API development, and databases. The candidate should deliver end-to-end features across the stack.","Hyderabad, India",Part-time,2024-02-05 00:00:00
44,1044,2,Backend Engineer,"We are looking for a Backend Engineer with strong experience in Python, FastAPI or Django, REST APIs, and relational databases such as PostgreSQL. The role involves designing scalable backend systems, handling authentication, and integrating third-party services.","Hyderabad, India",Internship,2024-03-19 00:00:00
45,1045,5,QA Automation Engineer,"Looking for a QA Automation Engineer with experience in Selenium, Python, automation frameworks, and CI/CD integration to ensure software quality.",Remote,Full-time,2024-04-10 00:00:00
46,1046,5,Full Stack Engineer,"Hiring a Full Stack Engineer with experience in React, backend frameworks like Django or Node.js, API development, and databases. The candidate should deliver end-to-end features across the stack.","Mumbai, India",Full-time,2024-10-10 00:00:00
47,1047,4,Full Stack Engineer,"Hiring a Full Stack Engineer with experience in React, backend frameworks like Django or Node.js, API development, and databases. The candidate should deliver end-to-end features across the stack.","Pune, India",Full-time,2024-07-26 00:00:00
48,1048,6,Frontend Engineer,"Seeking a Frontend Engineer skilled in React, JavaScript, HTML, CSS, and modern UI frameworks. Responsibilities include building responsive interfaces, collaborating with backend teams, and ensuring high-quality user experience.",Remote,Internship,2024-01-05 00:00:00
49,1049,1,Software Engineer,"We are seeking a Software Engineer proficient in Python or Java, with strong software development fundamentals, debugging skills, and system design knowledge.","Bangalore, India",Internship,2024-10-03 00:00:00
50,1050,10,Data Analyst,"Looking for a Data Analyst with strong skills in SQL, Python, Pandas, and data visualization tools such as Power BI or Tableau. Responsibilities include analyzing datasets, building dashboards, and generating business insights.","Delhi, India",Full-time,2024-12-15 00:00:00
51,1051,2,QA Automation Engineer,"Looking for a QA Automation Engineer with experience in Selenium, Python, automation frameworks, and CI/CD integration to ensure software quality.","Pune, India",Full-time,2024-12-12 00:00:00
52,1052,7,DevOps Engineer,"Hiring a DevOps Engineer with hands-on experience in Docker, Kubernetes, CI/CD pipelines, Jenkins, Git, and cloud platforms such as AWS or Azure.","Hyderabad, India",Full-time,2024-03-07 00:00:00
53,1053,8,Frontend Engineer,"Seeking a Frontend Engineer skilled in React, JavaScript, HTML, CSS, and modern UI frameworks. Responsibilities include building responsive interfaces, collaborating with backend teams, and ensuring high-quality user experience.","Delhi, India",Part-time,2024-03-01 00:00:00
54,1054,10,Data Engineer,"We are hiring a Data Engineer experienced in ETL pipelines, SQL databases, Python, and data processing systems. Knowledge of data warehousing is a plus.",Remote,Full-time,2024-09-15 00:00:00
55,1055,7,Frontend Engineer,"Seeking a Frontend Engineer skilled in React, JavaScript, HTML, CSS, and modern UI frameworks. Responsibilities include building responsive interfaces, collaborating with backend teams, and ensuring high-quality user experience.","Pune, India",Part-time,2024-04-08 00:00:00
56,1056,10,Backend Engineer,"We are looking for a Backend Engineer with strong experience in Python, FastAPI or Django, REST APIs, and relational databases such as PostgreSQL. The role involves designing scalable backend systems, handling authentication, and integrating third-party services.","Mumbai, India",Contract,2024-12-04 00:00:00
57,1057,9,Frontend Engineer,"Seeking a Frontend Engineer skilled in React, JavaScript, HTML, CSS, and modern UI frameworks. Responsibilities include building responsive interfaces, collaborating with backend teams, and ensuring high-quality user experience.","Bangalore, India",Part-time,2024-11-03 00:00:00
58,1058,2,Full Stack Engineer,"Hiring a Full Stack Engineer with experience in React, backend frameworks like Django or Node.js, API development, and databases. The candidate should deliver end-to-end features across the stack.","Bangalore, India",Full-time,2024-02-05 00:00:00
59,1059,10,Data Engineer,"We are hiring a Data Engineer experienced in ETL pipelines, SQL databases, Python, and data processing systems. Knowledge of data warehousing is a plus.","Pune, India",Internship,2024-12-26 00:00:00
60,1060,2,Frontend Engineer,"Seeking a Frontend Engineer skilled in React, JavaScript, HTML, CSS, and modern UI frameworks. Responsibilities include building responsive interfaces, collaborating with backend teams, and ensuring high-quality user experience.","Bangalore, India",Part-time,2024-04-03 00:00:00
61,1061,9,Data Engineer,"We are hiring a Data Engineer experienced in ETL pipelines, SQL databases, Python, and data processing systems. Knowledge of data warehousing is a plus.","Hyderabad, India",Part-time,2024-05-18 00:00:00
62,1062,8,Backend Engineer,"We are looking for a Backend Engineer with strong experience in Python, FastAPI or Django, REST APIs, and relational databases such as PostgreSQL. The role involves designing scalable backend systems, handling authentication, and integrating third-party services.","Mumbai, India",Full-time,2024-12-09 00:00:00
63,1063,1,Cybersecurity Analyst,"Looking for a Cybersecurity Analyst with knowledge of cybersecurity, network security, penetration testing, ethical hacking, and risk assessment.","Mumbai, India",Contract,2024-06-22 00:00:00
64,1064,1,Machine Learning Engineer,"Seeking a Machine Learning Engineer with experience in Python, machine learning, scikit-learn, model training, and deployment. Familiarity with NLP and embeddings is preferred.","Mumbai, India",Internship,2024-05-31 00:00:00
65,1065,7,Full Stack Engineer,"Hiring a Full Stack Engineer with experience in React, backend frameworks like Django or Node.js, API development, and databases. The candidate should deliver end-to-end features across the stack.","Hyderabad, India",Internship,2024-02-02 00:00:00
66,1066,6,Data Engineer,"We are hiring a Data Engineer experienced in ETL pipelines, SQL databases, Python, and data processing systems. Knowledge of data warehousing is a plus.","Bangalore, India",Contract,2024-08-16 00:00:00
67,1067,6,Cybersecurity Analyst,"Looking for a Cybersecurity Analyst with knowledge of cybersecurity, network security, penetration testing, ethical hacking, and risk assessment.",Remote,Full-time,2024-05-21 00:00:00
68,1068,9,QA Automation Engineer,"Looking for a QA Automation Engineer with experience in Selenium, Python, automation frameworks, and CI/CD integration to ensure software quality.","Mumbai, India",Internship,2024-11-19 00:00:00
69,1069,4,Backend Engineer,"We are looking for a Backend Engineer with strong experience in Python, FastAPI or Django, REST APIs, and relational databases such as PostgreSQL. The role involves designing scalable backend systems, handling authentication, and integrating third-party services.","Delhi, India",Full-time,2024-06-30 00:00:00
70,1070,7,QA Automation Engineer,"Looking for a QA Automation Engineer with experience in Selenium, Python, automation frameworks, and CI/CD integration to ensure software quality.","Mumbai, India",Part-time,2024-03-16 00:00:00
71,1071,9,DevOps Engineer,"Hiring a DevOps Engineer with hands-on experience in Docker, Kubernetes, CI/CD pipelines, Jenkins, Git, and cloud platforms such as AWS or Azure.",Remote,Full-time,2024-02-23 00:00:00
72,1072,2,Full Stack Engineer,"Hiring a Full Stack Engineer with experience in React, backend frameworks like Django or Node.js, API development, and databases. The candidate should deliver end-to-end features across the stack.","Hyderabad, India",Full-time,2024-12-01 00:00:00
73,1073,8,DevOps Engineer,"Hiring a DevOps Engineer with hands-on experience in Docker, Kubernetes, CI/CD pipelines, Jenkins, Git, and cloud platforms such as AWS or Azure.",Remote,Part-time,2024-07-16 00:00:00
74,1074,5,Software Engineer,"We are seeking a Software Engineer proficient in Python or Java, with strong software development fundamentals, debugging skills, and system design knowledge.","Mumbai, India",Internship,2024-09-29 00:00:00
75,1075,4,Data Engineer,"We are hiring a Data Engineer experienced in ETL pipelines, SQL databases, Python, and data processing systems. Knowledge of data warehousing is a plus.","Pune, India",Contract,2024-12-29 00:00:00
76,1076,2,Software Engineer,"We are seeking a Software Engineer proficient in Python or Java, with strong software development fundamentals, debugging skills, and system design knowledge.","Mumbai, India",Full-time,2024-07-25 00:00:00
77,1077,5,DevOps Engineer,"Hiring a DevOps Engineer with hands-on experience in Docker, Kubernetes, CI/CD pipelines, Jenkins, Git, and cloud platforms such as AWS or Azure.","Pune, India",Contract,2024-08-18 00:00:00
78,1078,4,DevOps Engineer,"Hiring a DevOps Engineer with hands-on experience in Docker, Kubernetes, CI/CD pipelines, Jenkins, Git, and cloud platforms such as AWS or Azure.","Pune, India",Part-time,2024-09-15 00:00:00
79,1079,10,DevOps Engineer,"Hiring a DevOps Engineer with hands-on experience in Docker, Kubernetes, CI/CD pipelines, Jenkins, Git, and cloud platforms such as AWS or Azure.","Delhi, India",Part-time,2024-07-03 00:00:00
80,1080,5,Machine Learning Engineer,"Seeking a Machine Learning Engineer with experience in Python, machine learning, scikit-learn, model training, and deployment. Familiarity with NLP and embeddings is preferred.","Bangalore, India",Contract,2024-07-17 00:00:00
81,1081,2,Data Analyst,"Looking for a Data Analyst with strong skills in SQL, Python, Pandas, and data visualization tools such as Power BI or Tableau. Responsibilities include analyzing datasets, building dashboards, and generating business insights.",Remote,Full-time,2024-11-17 00:00:00
82,1082,10,Full Stack Engineer,"Hiring a Full Stack Engineer with experience in React, backend frameworks like Django or Node.js, API development, and databases. The candidate should deliver end-to-end features across the stack.","Mumbai, India",Internship,2024-10-03 00:00:00
83,1083,9,Full Stack Engineer,"Hiring a Full Stack Engineer with experience in React, backend frameworks like Django or Node.js, API development, and databases. The candidate should deliver end-to-end features across the stack.","Delhi, India",Full-time,2024-10-14 00:00:00
84,1084,2,Software Engineer,"We are seeking a Software Engineer proficient in Python or Java, with strong software development fundamentals, debugging skills, and system design knowledge.","Mumbai, India",Internship,2024-11-29 00:00:00
85,1085,10,Data Analyst,"Looking for a Data Analyst with strong skills in SQL, Python, Pandas, and data visualization tools such as Power BI or Tableau. Responsibilities include analyzing datasets, building dashboards, and generating business insights.","Bangalore, India",Internship,2024-04-17 00:00:00
86,1086,6,Frontend Engineer,"Seeking a Frontend Engineer skilled in React, JavaScript, HTML, CSS, and modern UI frameworks. Responsibilities include building responsive interfaces, collaborating with backend teams, and ensuring high-quality user experience.",Remote,Contract,2024-10-15 00:00:00
87,1087,9,Data Analyst,"Looking for a Data Analyst with strong skills in SQL, Python, Pandas, and data visualization tools such as Power BI or Tableau. Responsibilities include analyzing datasets, building dashboards, and generating business insights.","Hyderabad, India",Contract,2024-04-22 00:00:00
88,1088,4,QA Automation Engineer,"Looking for a QA Automation Engineer with experience in Selenium, Python, automation frameworks, and CI/CD integration to ensure software quality.","Bangalore, India",Part-time,2024-07-27 00:00:00
89,1089,2,Cloud Engineer,"Hiring a Cloud Engineer with expertise in AWS, Azure, or GCP. Responsibilities include managing cloud infrastructure, optimizing deployments, and security.","Pune, India",Part-time,2024-08-23 00:00:00
90,1090,2,Cloud Engineer,"Hiring a Cloud Engineer with expertise in AWS, Azure, or GCP. Responsibilities include managing cloud infrastructure, optimizing deployments, and security.","Mumbai, India",Part-time,2024-07-16 00:00:00
91,1091,3,QA Automation Engineer,"Looking for a QA Automation Engineer with experience in Selenium, Python, automation frameworks, and CI/CD integration to ensure software quality.","Bangalore, India",Full-time,2024-01-02 00:00:00
92,1092,4,Cloud Engineer,"Hiring a Cloud Engineer with expertise in AWS, Azure, or GCP. Responsibilities include managing cloud infrastructure, optimizing deployments, and security.","Bangalore, India",Part-time,2024-10-19 00:00:00
93,1093,1,QA Automation Engineer,"Looking for a QA Automation Engineer with experience in Selenium, Python, automation frameworks, and CI/CD integration to ensure software quality.","Bangalore, India",Contract,2024-06-10 00:00:00
94,1094,10,DevOps Engineer,"Hiring a DevOps Engineer with hands-on experience in Docker, Kubernetes, CI/CD pipelines, Jenkins, Git, and cloud platforms such as AWS or Azure.","Hyderabad, India",Contract,2024-08-15 00:00:00
95,1095,2,Cybersecurity Analyst,"Looking for a Cybersecurity Analyst with knowledge of cybersecurity, network security, penetration testing, ethical hacking, and risk assessment.","Mumbai, India",Part-time,2024-11-06 00:00:00
96,1096,4,DevOps Engineer,"Hiring a DevOps Engineer with hands-on experience in Docker, Kubernetes, CI/CD pipelines, Jenkins, Git, and cloud platforms such as AWS or Azure.","Pune, India",Contract,2024-06-09 00:00:00
97,1097,3,Full Stack Engineer,"Hiring a Full Stack Engineer with experience in React, backend frameworks like Django or Node.js, API development, and databases. The candidate should deliver end-to-end features across the stack.","Mumbai, India",Internship,2024-10-15 00:00:00
98,1098,10,Software Engineer,"We are seeking a Software Engineer proficient in Python or Java, with strong software development fundamentals, debugging skills, and system design knowledge.","Hyderabad, India",Contract,2024-10-28 00:00:00
99,1099,10,Data Engineer,"We are hiring a Data Engineer experienced in ETL pipelines, SQL databases, Python, and data processing systems. Knowledge of data warehousing is a plus.",Remote,Full-time,2024-01-19 00:00:00
100,1100,8,Machine Learning Engineer,"Seeking a Machine Learning Engineer with experience in Python, machine learning, scikit-learn, model training, and deployment. Familiarity with NLP and embeddings is preferred.","Hyderabad, India",Internship,2024-06-06 00:00:00
101,1101,10,Machine Learning Engineer,"Seeking a Machine Learning Engineer with experience in Python, machine learning, scikit-learn, model training, and deployment. Familiarity with NLP and embeddings is preferred.","Bangalore, India",Contract,2024-06-11 00:00:00
102,1102,10,Cloud Engineer,"Hiring a Cloud Engineer with expertise in AWS, Azure, or GCP. Responsibilities include managing cloud infrastructure, optimizing deployments, and security.",Remote,Part-time,2024-11-11 00:00:00
103,1103,6,Frontend Engineer,"Seeking a Frontend Engineer skilled in React, JavaScript, HTML, CSS, and modern UI frameworks. Responsibilities include building responsive interfaces, collaborating with backend teams, and ensuring high-quality user experience.","Pune, India",Internship,2024-11-27 00:00:00
104,1104,10,Full Stack Engineer,"Hiring a Full Stack Engineer with experience in React, backend frameworks like Django or Node.js, API development, and databases. The candidate should deliver end-to-end features across the stack.","Pune, India",Full-time,2024-09-01 00:00:00
105,1105,5,Machine Learning Engineer,"Seeking a Machine Learning Engineer with experience in Python, machine learning, scikit-learn, model training, and deployment. Familiarity with NLP and embeddings is preferred.","Hyderabad, India",Internship,2024-03-15 00:00:00
106,1106,2,DevOps Engineer,"Hiring a DevOps Engineer with hands-on experience in Docker, Kubernetes, CI/CD pipelines, Jenkins, Git, and cloud platforms such as AWS or Azure.","Bangalore, India",Contract,2024-08-26 00:00:00
107,1107,4,QA Automation Engineer,"Looking for a QA Automation Engineer with experience in Selenium, Python, automation frameworks, and CI/CD integration to ensure software quality.","Bangalore, India",Internship,2024-11-26 00:00:00
108,1108,3,Backend Engineer,"We are looking for a Backend Engineer with strong experience in Python, FastAPI or Django, REST APIs, and relational databases such as PostgreSQL. The role involves designing scalable backend systems, handling authentication, and integrating third-party services.","Pune, India",Internship,2024-02-17 00:00:00
109,1109,8,Data Analyst,"Looking for a Data Analyst with strong skills in SQL, Python, Pandas, and data visualization tools such as Power BI or Tableau. Responsibilities include analyzing datasets, building dashboards, and generating business insights.","Pune, India",Contract,2024-05-23 00:00:00
110,1110,6,Software Engineer,"We are seeking a Software Engineer proficient in Python or Java, with strong software development fundamentals, debugging skills, and system design knowledge.","Mumbai, India",Full-time,2024-06-02 00:00:00
111,1111,4,Machine Learning Engineer,"Seeking a Machine Learning Engineer with experience in Python, machine learning, scikit-learn, model training, and deployment. Familiarity with NLP and embeddings is preferred.","Hyderabad, India",Internship,2024-11-29 00:00:00
112,1112,4,QA Automation Engineer,"Looking for a QA Automation Engineer with experience in Selenium, Python, automation frameworks, and CI/CD integration to ensure software quality.","Delhi, India",Full-time,2024-04-30 00:00:00
113,1113,4,Machine Learning Engineer,"Seeking a Machine Learning Engineer with experience in Python, machine learning, scikit-learn, model training, and deployment. Familiarity with NLP and embeddings is preferred.","Hyderabad, India",Full-time,2024-03-19 00:00:00
114,1114,6,Software Engineer,"We are seeking a Software Engineer proficient in Python or Java, with strong software development fundamentals, debugging skills, and system design knowledge.","Mumbai, India",Full-time,2024-08-07 00:00:00
115,1115,2,Machine Learning Engineer,"Seeking a Machine Learning Engineer with experience in Python, machine learning, scikit-learn, model training, and deployment. Familiarity with NLP and embeddings is preferred.","Hyderabad, India",Contract,2024-12-06 00:00:00
116,1116,6,Data Engineer,"We are hiring a Data Engineer experienced in ETL pipelines, SQL databases, Python, and data processing systems. Knowledge of data warehousing is a plus.","Pune, India",Part-time,2024-07-08 00:00:00
117,1117,5,Cybersecurity Analyst,"Looking for a Cybersecurity Analyst with knowledge of cybersecurity, network security, penetration testing, ethical hacking, and risk assessment.",Remote,Part-time,2024-03-17 00:00:00
118,1118,10,Cybersecurity Analyst,"Looking for a Cybersecurity Analyst with knowledge of cybersecurity, network security, penetration testing, ethical hacking, and risk assessment.","Pune, India",Full-time,2024-01-05 00:00:00
119,1119,5,Software Engineer,"We are seeking a Software Engineer proficient in Python or Java, with strong software development fundamentals, debugging skills, and system design knowledge.","Bangalore, India",Contract,2024-01-30 00:00:00
120,1120,6,Data Analyst,"Looking for a Data Analyst with strong skills in SQL, Python, Pandas, and data visualization tools such as Power BI or Tableau. Responsibilities include analyzing datasets, building dashboards, and generating business insights.","Mumbai, India",Internship,2024-02-13 00:00:00
121,1121,7,QA Automation Engineer,"Looking for a QA Automation Engineer with experience in Selenium, Python, automation frameworks, and CI/CD integration to ensure software quality.","Bangalore, India",Contract,2024-08-07 00:00:00
122,1122,9,Backend Engineer,"We are looking for a Backend Engineer with strong experience in Python, FastAPI or Django, REST APIs, and relational databases such as PostgreSQL. The role involves designing scalable backend systems, handling authentication, and integrating third-party services.","Mumbai, India",Contract,2024-08-02 00:00:00
123,1123,7,Frontend Engineer,"Seeking a Frontend Engineer skilled in React, JavaScript, HTML, CSS, and modern UI frameworks. Responsibilities include building responsive interfaces, collaborating with backend teams, and ensuring high-quality user experience.",Remote,Full-time,2024-05-16 00:00:00
124,1124,7,DevOps Engineer,"Hiring a DevOps Engineer with hands-on experience in Docker, Kubernetes, CI/CD pipelines, Jenkins, Git, and cloud platforms such as AWS or Azure.","Pune, India",Full-time,2024-01-18 00:00:00
125,1125,5,Full Stack Engineer,"Hiring a Full Stack Engineer with experience in React, backend frameworks like Django or Node.js, API development, and databases. The candidate should deliver end-to-end features across the stack.","Pune, India",Contract,2024-04-21 00:00:00
126,1126,10,Data Engineer,"We are hiring a Data Engineer experienced in ETL pipelines, SQL databases, Python, and data processing systems. Knowledge of data warehousing is a plus.","Hyderabad, India",Full-time,2024-09-11 00:00:00
127,1127,1,Machine Learning Engineer,"Seeking a Machine Learning Engineer with experience in Python, machine learning, scikit-learn, model training, and deployment. Familiarity with NLP and embeddings is preferred.","Delhi, India",Contract,2024-11-02 00:00:00
128,1128,1,Software Engineer,"We are seeking a Software Engineer proficient in Python or Java, with strong software development fundamentals, debugging skills, and system design knowledge.","Bangalore, India",Full-time,2024-03-25 00:00:00
129,1129,2,Cybersecurity Analyst,"Looking for a Cybersecurity Analyst with knowledge of cybersecurity, network security, penetration testing, ethical hacking, and risk assessment.","Mumbai, India",Part-time,2024-06-22 00:00:00
130,1130,4,Software Engineer,"We are seeking a Software Engineer proficient in Python or Java, with strong software development fundamentals, debugging skills, and system design knowledge.",Remote,Part-time,2024-01-14 00:00:00
131,1131,10,Frontend Engineer,"Seeking a Frontend Engineer skilled in React, JavaScript, HTML, CSS, and modern UI frameworks. Responsibilities include building responsive interfaces, collaborating with backend teams, and ensuring high-quality user experience.","Pune, India",Full-time,2024-05-12 00:00:00
132,1132,10,Frontend Engineer,"Seeking a Frontend Engineer skilled in React, JavaScript, HTML, CSS, and modern UI frameworks. Responsibilities include building responsive interfaces, collaborating with backend teams, and ensuring high-quality user experience.","Delhi, India",Internship,2024-10-13 00:00:00
133,1133,10,DevOps Engineer,"Hiring a DevOps Engineer with hands-on experience in Docker, Kubernetes, CI/CD pipelines, Jenkins, Git, and cloud platforms such as AWS or Azure.","Hyderabad, India",Contract,2024-05-12 00:00:00
134,1134,7,Backend Engineer,"We are looking for a Backend Engineer with strong experience in Python, FastAPI or Django, REST APIs, and relational databases such as PostgreSQL. The role involves designing scalable backend systems, handling authentication, and integrating third-party services.","Pune, India",Full-time,2024-07-22 00:00:00
135,1135,5,QA Automation Engineer,"Looking for a QA Automation Engineer with experience in Selenium, Python, automation frameworks, and CI/CD integration to ensure software quality.","Pune, India",Internship,2024-07-15 00:00:00
136,1136,3,Frontend Engineer,"Seeking a Frontend Engineer skilled in React, JavaScript, HTML, CSS, and modern UI frameworks. Responsibilities include building responsive interfaces, collaborating with backend teams, and ensuring high-quality user experience.","Pune, India",Part-time,2024-04-08 00:00:00
137,1137,4,QA Automation Engineer,"Looking for a QA Automation Engineer with experience in Selenium, Python, automation frameworks, and CI/CD integration to ensure software quality.","Mumbai, India",Part-time,2024-06-19 00:00:00
138,1138,7,Cloud Engineer,"Hiring a Cloud Engineer with expertise in AWS, Azure, or GCP. Responsibilities include managing cloud infrastructure, optimizing deployments, and security.","Pune, India",Part-time,2024-01-06 00:00:00
139,1139,7,Cloud Engineer,"Hiring a Cloud Engineer with expertise in AWS, Azure, or GCP. Responsibilities include managing cloud infrastructure, optimizing deployments, and security.","Hyderabad, India",Internship,2024-06-12 00:00:00
140,1140,3,Frontend Engineer,"Seeking a Frontend Engineer skilled in React, JavaScript, HTML, CSS, and modern UI frameworks. Responsibilities include building responsive interfaces, collaborating with backend teams, and ensuring high-quality user experience.","Mumbai, India",Internship,2024-06-29 00:00:00
141,1141,4,Cybersecurity Analyst,"Looking for a Cybersecurity Analyst with knowledge of cybersecurity, network security, penetration testing, ethical hacking, and risk assessment.","Mumbai, India",Contract,2024-12-16 00:00:00
142,1142,1,Machine Learning Engineer,"Seeking a Machine Learning Engineer with experience in Python, machine learning, scikit-learn, model training, and deployment. Familiarity with NLP and embeddings is preferred.","Mumbai, India",Contract,2024-06-04 00:00:00
143,1143,7,Cloud Engineer,"Hiring a Cloud Engineer with expertise in AWS, Azure, or GCP. Responsibilities include managing cloud infrastructure, optimizing deployments, and security.","Bangalore, India",Internship,2024-04-11 00:00:00
144,1144,1,Data Engineer,"We are hiring a Data Engineer experienced in ETL pipelines, SQL databases, Python, and data processing systems. Knowledge of data warehousing is a plus.","Hyderabad, India",Contract,2024-08-27 00:00:00
145,1145,4,Frontend Engineer,"Seeking a Frontend Engineer skilled in React, JavaScript, HTML, CSS, and modern UI frameworks. Responsibilities include building responsive interfaces, collaborating with backend teams, and ensuring high-quality user experience.",Remote,Contract,2024-08-09 00:00:00
146,1146,8,Data Engineer,"We are hiring a Data Engineer experienced in ETL pipelines, SQL databases, Python, and data processing systems. Knowledge of data warehousing is a plus.","Bangalore, India",Internship,2024-11-14 00:00:00
147,1147,1,Machine Learning Engineer,"Seeking a Machine Learning Engineer with experience in Python, machine learning, scikit-learn, model training, and deployment. Familiarity with NLP and embeddings is preferred.","Mumbai, India",Part-time,2024-07-17 00:00:00
148,1148,6,Cybersecurity Analyst,"Looking for a Cybersecurity Analyst with knowledge of cybersecurity, network security, penetration testing, ethical hacking, and risk assessment.","Hyderabad, India",Part-time,2024-05-10 00:00:00
149,1149,1,Frontend Engineer,"Seeking a Frontend Engineer skilled in React, JavaScript, HTML, CSS, and modern UI frameworks. Responsibilities include building responsive interfaces, collaborating with backend teams, and ensuring high-quality user experience.","Pune, India",Full-time,2024-01-14 00:00:00
150,1150,7,Software Engineer,"We are seeking a Software Engineer proficient in Python or Java, with strong software development fundamentals, debugging skills, and system design knowledge.",Remote,Contract,2024-07-27 00:00:00
151,1151,9,Machine Learning Engineer,"Seeking a Machine Learning Engineer with experience in Python, machine learning, scikit-learn, model training, and deployment. Familiarity with NLP and embeddings is preferred.","Delhi, India",Full-time,2024-03-04 00:00:00
152,1152,5,Cloud Engineer,"Hiring a Cloud Engineer with expertise in AWS, Azure, or GCP. Responsibilities include managing cloud infrastructure, optimizing deployments, and security.","Bangalore, India",Full-time,2024-06-03 00:00:00
153,1153,4,Backend Engineer,"We are looking for a Backend Engineer with strong experience in Python, FastAPI or Django, REST APIs, and relational databases such as PostgreSQL. The role involves designing scalable backend systems, handling authentication, and integrating third-party services.","Delhi, India",Part-time,2024-11-10 00:00:00
154,1154,2,Frontend Engineer,"Seeking a Frontend Engineer skilled in React, JavaScript, HTML, CSS, and modern UI frameworks. Responsibilities include building responsive interfaces, collaborating with backend teams, and ensuring high-quality user experience.","Delhi, India",Internship,2024-04-25 00:00:00
155,1155,1,Data Engineer,"We are hiring a Data Engineer experienced in ETL pipelines, SQL databases, Python, and data processing systems. Knowledge of data warehousing is a plus.","Hyderabad, India",Part-time,2024-06-30 00:00:00
156,1156,2,Software Engineer,"We are seeking a Software Engineer proficient in Python or Java, with strong software development fundamentals, debugging skills, and system design knowledge.","Bangalore, India",Contract,2024-08-25 00:00:00
157,1157,10,Cybersecurity Analyst,"Looking for a Cybersecurity Analyst with knowledge of cybersecurity, network security, penetration testing, ethical hacking, and risk assessment.","Bangalore, India",Contract,2024-06-30 00:00:00
158,1158,2,Backend Engineer,"We are looking for a Backend Engineer with strong experience in Python, FastAPI or Django, REST APIs, and relational databases such as PostgreSQL. The role involves designing scalable backend systems, handling authentication, and integrating third-party services.","Bangalore, India",Internship,2024-07-25 00:00:00
159,1159,9,Data Analyst,"Looking for a Data Analyst with strong skills in SQL, Python, Pandas, and data visualization tools such as Power BI or Tableau. Responsibilities include analyzing datasets, building dashboards, and generating business insights.","Bangalore, India",Part-time,2024-11-23 00:00:00
160,1160,9,Cloud Engineer,"Hiring a Cloud Engineer with expertise in AWS, Azure, or GCP. Responsibilities include managing cloud infrastructure, optimizing deployments, and security.",Remote,Part-time,2024-01-02 00:00:00
161,1161,1,QA Automation Engineer,"Looking for a QA Automation Engineer with experience in Selenium, Python, automation frameworks, and CI/CD integration to ensure software quality.","Mumbai, India",Contract,2024-04-07 00:00:00
162,1162,9,Full Stack Engineer,"Hiring a Full Stack Engineer with experience in React, backend frameworks like Django or Node.js, API development, and databases. The candidate should deliver end-to-end features across the stack.","Hyderabad, India",Part-time,2024-09-14 00:00:00
163,1163,4,Frontend Engineer,"Seeking a Frontend Engineer skilled in React, JavaScript, HTML, CSS, and modern UI frameworks. Responsibilities include building responsive interfaces, collaborating with backend teams, and ensuring high-quality user experience.","Hyderabad, India",Full-time,2024-03-25 00:00:00
164,1164,10,Backend Engineer,"We are looking for a Backend Engineer with strong experience in Python, FastAPI or Django, REST APIs, and relational databases such as PostgreSQL. The role involves designing scalable backend systems, handling authentication, and integrating third-party services.","Pune, India",Contract,2024-04-03 00:00:00
165,1165,2,Frontend Engineer,"Seeking a Frontend Engineer skilled in React, JavaScript, HTML, CSS, and modern UI frameworks. Responsibilities include building responsive interfaces, collaborating with backend teams, and ensuring high-quality user experience.","Delhi, India",Full-time,2024-08-13 00:00:00
166,1166,5,Cybersecurity Analyst,"Looking for a Cybersecurity Analyst with knowledge of cybersecurity, network security, penetration testing, ethical hacking, and risk assessment.",Remote,Internship,2024-07-29 00:00:00
167,1167,1,Frontend Engineer,"Seeking a Frontend Engineer skilled in React, JavaScript, HTML, CSS, and modern UI frameworks. Responsibilities include building responsive interfaces, collaborating with backend teams, and ensuring high-quality user experience.","Mumbai, India",Part-time,2024-05-28 00:00:00
168,1168,4,Cybersecurity Analyst,"Looking for a Cybersecurity Analyst with knowledge of cybersecurity, network security, penetration testing, ethical hacking, and risk assessment.","Mumbai, India",Part-time,2024-07-17 00:00:00
169,1169,2,DevOps Engineer,"Hiring a DevOps Engineer with hands-on experience in Docker, Kubernetes, CI/CD pipelines, Jenkins, Git, and cloud platforms such as AWS or Azure.","Mumbai, India",Contract,2024-04-16 00:00:00
170,1170,6,Full Stack Engineer,"Hiring a Full Stack Engineer with experience in React, backend frameworks like Django or Node.js, API development, and databases. The candidate should deliver end-to-end features across the stack.",Remote,Contract,2024-12-18 00:00:00
171,1171,3,Full Stack Engineer,"Hiring a Full Stack Engineer with experience in React, backend frameworks like Django or Node.js, API development, and databases. The candidate should deliver end-to-end features across the stack.",Remote,Part-time,2024-02-07 00:00:00
172,1172,10,QA Automation Engineer,"Looking for a QA Automation Engineer with experience in Selenium, Python, automation frameworks, and CI/CD integration to ensure software quality.","Bangalore, India",Part-time,2024-11-10 00:00:00
173,1173,4,Cybersecurity Analyst,"Looking for a Cybersecurity Analyst with knowledge of cybersecurity, network security, penetration testing, ethical hacking, and risk assessment.","Hyderabad, India",Contract,2024-09-04 00:00:00
174,1174,1,Full Stack Engineer,"Hiring a Full Stack Engineer with experience in React, backend frameworks like Django or Node.js, API development, and databases. The candidate should deliver end-to-end features across the stack.","Delhi, India",Internship,2024-01-06 00:00:00
175,1175,3,Cloud Engineer,"Hiring a Cloud Engineer with expertise in AWS, Azure, or GCP. Responsibilities include managing cloud infrastructure, optimizing deployments, and security.","Hyderabad, India",Contract,2024-10-13 00:00:00
176,1176,6,Full Stack Engineer,"Hiring a Full Stack Engineer with experience in React, backend frameworks like Django or Node.js, API development, and databases. The candidate should deliver end-to-end features across the stack.","Bangalore, India",Internship,2024-12-13 00:00:00
177,1177,4,QA Automation Engineer,"Looking for a QA Automation Engineer with experience in Selenium, Python, automation frameworks, and CI/CD integration to ensure software quality.","Hyderabad, India",Part-time,2024-05-23 00:00:00
178,1178,4,DevOps Engineer,"Hiring a DevOps Engineer with hands-on experience in Docker, Kubernetes, CI/CD pipelines, Jenkins, Git, and cloud platforms such as AWS or Azure.",Remote,Contract,2024-06-07 00:00:00
179,1179,7,Full Stack Engineer,"Hiring a Full Stack Engineer with experience in React, backend frameworks like Django or Node.js, API development, and databases. The candidate should deliver end-to-end features across the stack.","Bangalore, India",Internship,2024-06-06 00:00:00
180,1180,4,QA Automation Engineer,"Looking for a QA Automation Engineer with experience in Selenium, Python, automation frameworks, and CI/CD integration to ensure software quality.","Pune, India",Contract,2024-07-07 00:00:00
181,1181,5,Cybersecurity Analyst,"Looking for a Cybersecurity Analyst with knowledge of cybersecurity, network security, penetration testing, ethical hacking, and risk assessment.",Remote,Contract,2024-07-14 00:00:00
182,1182,5,Cybersecurity Analyst,"Looking for a Cybersecurity Analyst with knowledge of cybersecurity, network security, penetration testing, ethical hacking, and risk assessment.",Remote,Part-time,2024-02-17 00:00:00
183,1183,8,DevOps Engineer,"Hiring a DevOps Engineer with hands-on experience in Docker, Kubernetes, CI/CD pipelines, Jenkins, Git, and cloud platforms such as AWS or Azure.","Mumbai, India",Part-time,2024-10-19 00:00:00
184,1184,9,Software Engineer,"We are seeking a Software Engineer proficient in Python or Java, with strong software development fundamentals, debugging skills, and system design knowledge.","Delhi, India",Full-time,2024-03-17 00:00:00
185,1185,6,Data Engineer,"We are hiring a Data Engineer experienced in ETL pipelines, SQL databases, Python, and data processing systems. Knowledge of data warehousing is a plus.","Delhi, India",Internship,2024-03-31 00:00:00
186,1186,4,Frontend Engineer,"Seeking a Frontend Engineer skilled in React, JavaScript, HTML, CSS, and modern UI frameworks. Responsibilities include building responsive interfaces, collaborating with backend teams, and ensuring high-quality user experience.","Hyderabad, India",Contract,2024-02-28 00:00:00
187,1187,9,DevOps Engineer,"Hiring a DevOps Engineer with hands-on experience in Docker, Kubernetes, CI/CD pipelines, Jenkins, Git, and cloud platforms such as AWS or Azure.",Remote,Part-time,2024-09-07 00:00:00
188,1188,8,Backend Engineer,"We are looking for a Backend Engineer with strong experience in Python, FastAPI or Django, REST APIs, and relational databases such as PostgreSQL. The role involves designing scalable backend systems, handling authentication, and integrating third-party services.","Mumbai, India",Part-time,2024-05-03 00:00:00
189,1189,6,Machine Learning Engineer,"Seeking a Machine Learning Engineer with experience in Python, machine learning, scikit-learn, model training, and deployment. Familiarity with NLP and embeddings is preferred.",Remote,Full-time,2024-08-19 00:00:00
190,1190,10,Full Stack Engineer,"Hiring a Full Stack Engineer with experience in React, backend frameworks like Django or Node.js, API development, and databases. The candidate should deliver end-to-end features across the stack.","Bangalore, India",Internship,2024-07-20 00:00:00
191,1191,10,Data Engineer,"We are hiring a Data Engineer experienced in ETL pipelines, SQL databases, Python, and data processing systems. Knowledge of data warehousing is a plus.","Delhi, India",Internship,2024-12-30 00:00:00
192,1192,9,Cloud Engineer,"Hiring a Cloud Engineer with expertise in AWS, Azure, or GCP. Responsibilities include managing cloud infrastructure, optimizing deployments, and security.",Remote,Full-time,2024-08-20 00:00:00
193,1193,3,Machine Learning Engineer,"Seeking a Machine Learning Engineer with experience in Python, machine learning, scikit-learn, model training, and deployment. Familiarity with NLP and embeddings is preferred.","Delhi, India",Full-time,2024-09-14 00:00:00
194,1194,9,Data Analyst,"Looking for a Data Analyst with strong skills in SQL, Python, Pandas, and data visualization tools such as Power BI or Tableau. Responsibilities include analyzing datasets, building dashboards, and generating business insights.","Hyderabad, India",Part-time,2024-04-14 00:00:00
195,1195,6,Cloud Engineer,"Hiring a Cloud Engineer with expertise in AWS, Azure, or GCP. Responsibilities include managing cloud infrastructure, optimizing deployments, and security.","Delhi, India",Contract,2024-09-25 00:00:00
196,1196,8,DevOps Engineer,"Hiring a DevOps Engineer with hands-on experience in Docker, Kubernetes, CI/CD pipelines, Jenkins, Git, and cloud platforms such as AWS or Azure.","Bangalore, India",Internship,2024-02-05 00:00:00
197,1197,8,Data Engineer,"We are hiring a Data Engineer experienced in ETL pipelines, SQL databases, Python, and data processing systems. Knowledge of data warehousing is a plus.","Delhi, India",Part-time,2024-04-11 00:00:00
198,1198,9,Cloud Engineer,"Hiring a Cloud Engineer with expertise in AWS, Azure, or GCP. Responsibilities include managing cloud infrastructure, optimizing deployments, and security.","Pune, India",Contract,2024-11-01 00:00:00
199,1199,6,Software Engineer,"We are seeking a Software Engineer proficient in Python or Java, with strong software development fundamentals, debugging skills, and system design knowledge.","Delhi, India",Internship,2024-04-29 00:00:00
200,1200,3,Cybersecurity Analyst,"Looking for a Cybersecurity Analyst with knowledge of cybersecurity, network security, penetration testing, ethical hacking, and risk assessment.","Pune, India",Internship,2024-10-31 00:00:00
201,1201,9,Software Engineer,"We are seeking a Software Engineer proficient in Python or Java, with strong software development fundamentals, debugging skills, and system design knowledge.",Remote,Part-time,2024-10-30 00:00:00
202,1202,10,Software Engineer,"We are seeking a Software Engineer proficient in Python or Java, with strong software development fundamentals, debugging skills, and system design knowledge.","Bangalore, India",Part-time,2024-05-11 00:00:00
203,1203,3,Backend Engineer,"We are looking for a Backend Engineer with strong experience in Python, FastAPI or Django, REST APIs, and relational databases such as PostgreSQL. The role involves designing scalable backend systems, handling authentication, and integrating third-party services.","Delhi, India",Contract,2024-02-09 00:00:00
204,1204,8,DevOps Engineer,"Hiring a DevOps Engineer with hands-on experience in Docker, Kubernetes, CI/CD pipelines, Jenkins, Git, and cloud platforms such as AWS or Azure.",Remote,Contract,2024-05-02 00:00:00
205,1205,10,Software Engineer,"We are seeking a Software Engineer proficient in Python or Java, with strong software development fundamentals, debugging skills, and system design knowledge.","Delhi, India",Part-time,2024-03-24 00:00:00
206,1206,2,Backend Engineer,"We are looking for a Backend Engineer with strong experience in Python, FastAPI or Django, REST APIs, and relational databases such as PostgreSQL. The role involves designing scalable backend systems, handling authentication, and integrating third-party services.","Mumbai, India",Full-time,2024-12-17 00:00:00
207,1207,10,Data Engineer,"We are hiring a Data Engineer experienced in ETL pipelines, SQL databases, Python, and data processing systems. Knowledge of data warehousing is a plus.","Hyderabad, India",Contract,2024-06-09 00:00:00
208,1208,4,DevOps Engineer,"Hiring a DevOps Engineer with hands-on experience in Docker, Kubernetes, CI/CD pipelines, Jenkins, Git, and cloud platforms such as AWS or Azure.",Remote,Part-time,2024-12-29 00:00:00
209,1209,2,Full Stack Engineer,"Hiring a Full Stack Engineer with experience in React, backend frameworks like Django or Node.js, API development, and databases. The candidate should deliver end-to-end features across the stack.","Hyderabad, India",Internship,2024-01-26 00:00:00
210,1210,9,Data Analyst,"Looking for a Data Analyst with strong skills in SQL, Python, Pandas, and data visualization tools such as Power BI or Tableau. Responsibilities include analyzing datasets, building dashboards, and generating business insights.","Delhi, India",Internship,2024-09-22 00:00:00
211,1211,3,Data Engineer,"We are hiring a Data Engineer experienced in ETL pipelines, SQL databases, Python, and data processing systems. Knowledge of data warehousing is a plus.","Hyderabad, India",Full-time,2024-04-22 00:00:00
212,1212,5,Cybersecurity Analyst,"Looking for a Cybersecurity Analyst with knowledge of cybersecurity, network security, penetration testing, ethical hacking, and risk assessment.","Delhi, India",Part-time,2024-04-02 00:00:00
213,1213,1,Machine Learning Engineer,"Seeking a Machine Learning Engineer with experience in Python, machine learning, scikit-learn, model training, and deployment. Familiarity with NLP and embeddings is preferred.","Delhi, India",Part-time,2024-02-14 00:00:00
214,1214,9,Data Analyst,"Looking for a Data Analyst with strong skills in SQL, Python, Pandas, and data visualization tools such as Power BI or Tableau. Responsibilities include analyzing datasets, building dashboards, and generating business insights.","Bangalore, India",Internship,2024-10-08 00:00:00
215,1215,3,Data Analyst,"Looking for a Data Analyst with strong skills in SQL, Python, Pandas, and data visualization tools such as Power BI or Tableau. Responsibilities include analyzing datasets, building dashboards, and generating business insights.","Delhi, India",Contract,2024-09-14 00:00:00
216,1216,10,Software Engineer,"We are seeking a Software Engineer proficient in Python or Java, with strong software development fundamentals, debugging skills, and system design knowledge.","Bangalore, India",Part-time,2024-12-25 00:00:00
217,1217,10,Data Analyst,"Looking for a Data Analyst with strong skills in SQL, Python, Pandas, and data visualization tools such as Power BI or Tableau. Responsibilities include analyzing datasets, building dashboards, and generating business insights.","Pune, India",Internship,2024-01-06 00:00:00
218,1218,2,Cloud Engineer,"Hiring a Cloud Engineer with expertise in AWS, Azure, or GCP. Responsibilities include managing cloud infrastructure, optimizing deployments, and security.","Pune, India",Full-time,2024-08-14 00:00:00
219,1219,5,Cybersecurity Analyst,"Looking for a Cybersecurity Analyst with knowledge of cybersecurity, network security, penetration testing, ethical hacking, and risk assessment.","Pune, India",Contract,2024-01-20 00:00:00
220,1220,7,DevOps Engineer,"Hiring a DevOps Engineer with hands-on experience in Docker, Kubernetes, CI/CD pipelines, Jenkins, Git, and cloud platforms such as AWS or Azure.","Bangalore, India",Part-time,2024-10-12 00:00:00
221,1221,5,Data Analyst,"Looking for a Data Analyst with strong skills in SQL, Python, Pandas, and data visualization tools such as Power BI or Tableau. Responsibilities include analyzing datasets, building dashboards, and generating business insights.","Hyderabad, India",Full-time,2024-11-09 00:00:00
222,1222,6,DevOps Engineer,"Hiring a DevOps Engineer with hands-on experience in Docker, Kubernetes, CI/CD pipelines, Jenkins, Git, and cloud platforms such as AWS or Azure.","Mumbai, India",Part-time,2024-06-21 00:00:00
223,1223,1,Data Engineer,"We are hiring a Data Engineer experienced in ETL pipelines, SQL databases, Python, and data processing systems. Knowledge of data warehousing is a plus.","Delhi, India",Contract,2024-06-11 00:00:00
224,1224,1,Frontend Engineer,"Seeking a Frontend Engineer skilled in React, JavaScript, HTML, CSS, and modern UI frameworks. Responsibilities include building responsive interfaces, collaborating with backend teams, and ensuring high-quality user experience.",Remote,Part-time,2024-09-10 00:00:00
225,1225,3,Machine Learning Engineer,"Seeking a Machine Learning Engineer with experience in Python, machine learning, scikit-learn, model training, and deployment. Familiarity with NLP and embeddings is preferred.","Bangalore, India",Internship,2024-02-01 00:00:00
226,1226,9,Data Analyst,"Looking for a Data Analyst with strong skills in SQL, Python, Pandas, and data visualization tools such as Power BI or Tableau. Responsibilities include analyzing datasets, building dashboards, and generating business insights.","Bangalore, India",Part-time,2024-10-03 00:00:00
227,1227,9,Data Analyst,"Looking for a Data Analyst with strong skills in SQL, Python, Pandas, and data visualization tools such as Power BI or Tableau. Responsibilities include analyzing datasets, building dashboards, and generating business insights.","Hyderabad, India",Part-time,2024-12-06 00:00:00
228,1228,9,Full Stack Engineer,"Hiring a Full Stack Engineer with experience in React, backend frameworks like Django or Node.js, API development, and databases. The candidate should deliver end-to-end features across the stack.","Hyderabad, India",Part-time,2024-01-28 00:00:00
229,1229,9,Frontend Engineer,"Seeking a Frontend Engineer skilled in React, JavaScript, HTML, CSS, and modern UI frameworks. Responsibilities include building responsive interfaces, collaborating with backend teams, and ensuring high-quality user experience.","Bangalore, India",Internship,2024-05-03 00:00:00
230,1230,6,DevOps Engineer,"Hiring a DevOps Engineer with hands-on experience in Docker, Kubernetes, CI/CD pipelines, Jenkins, Git, and cloud platforms such as AWS or Azure.","Hyderabad, India",Part-time,2024-04-17 00:00:00
231,1231,5,Data Engineer,"We are hiring a Data Engineer experienced in ETL pipelines, SQL databases, Python, and data processing systems. Knowledge of data warehousing is a plus.","Pune, India",Part-time,2024-05-15 00:00:00
232,1232,1,Data Engineer,"We are hiring a Data Engineer experienced in ETL pipelines, SQL databases, Python, and data processing systems. Knowledge of data warehousing is a plus.","Pune, India",Full-time,2024-07-25 00:00:00
233,1233,4,QA Automation Engineer,"Looking for a QA Automation Engineer with experience in Selenium, Python, automation frameworks, and CI/CD integration to ensure software quality.",Remote,Internship,2024-03-05 00:00:00
234,1234,10,QA Automation Engineer,"Looking for a QA Automation Engineer with experience in Selenium, Python, automation frameworks, and CI/CD integration to ensure software quality.","Bangalore, India",Part-time,2024-01-10 00:00:00
235,1235,8,Frontend Engineer,"Seeking a Frontend Engineer skilled in React, JavaScript, HTML, CSS, and modern UI frameworks. Responsibilities include building responsive interfaces, collaborating with backend teams, and ensuring high-quality user experience.","Bangalore, India",Full-time,2024-08-30 00:00:00
236,1236,5,Cloud Engineer,"Hiring a Cloud Engineer with expertise in AWS, Azure, or GCP. Responsibilities include managing cloud infrastructure, optimizing deployments, and security.",Remote,Internship,2024-10-16 00:00:00
237,1237,1,QA Automation Engineer,"Looking for a QA Automation Engineer with experience in Selenium, Python, automation frameworks, and CI/CD integration to ensure software quality.","Pune, India",Part-time,2024-07-20 00:00:00
238,1238,9,Software Engineer,"We are seeking a Software Engineer proficient in Python or Java, with strong software development fundamentals, debugging skills, and system design knowledge.","Mumbai, India",Internship,2024-05-04 00:00:00
239,1239,4,Cybersecurity Analyst,"Looking for a Cybersecurity Analyst with knowledge of cybersecurity, network security, penetration testing, ethical hacking, and risk assessment.","Delhi, India",Full-time,2024-06-01 00:00:00
240,1240,7,Cybersecurity Analyst,"Looking for a Cybersecurity Analyst with knowledge of cybersecurity, network security, penetration testing, ethical hacking, and risk assessment.","Pune, India",Internship,2024-02-21 00:00:00
241,1241,2,Full Stack Engineer,"Hiring a Full Stack Engineer with experience in React, backend frameworks like Django or Node.js, API development, and databases. The candidate should deliver end-to-end features across the stack.","Bangalore, India",Internship,2024-12-12 00:00:00
242,1242,5,QA Automation Engineer,"Looking for a QA Automation Engineer with experience in Selenium, Python, automation frameworks, and CI/CD integration to ensure software quality.","Delhi, India",Full-time,2024-03-08 00:00:00
243,1243,9,QA Automation Engineer,"Looking for a QA Automation Engineer with experience in Selenium, Python, automation frameworks, and CI/CD integration to ensure software quality.","Mumbai, India",Full-time,2024-02-13 00:00:00
244,1244,3,Cloud Engineer,"Hiring a Cloud Engineer with expertise in AWS, Azure, or GCP. Responsibilities include managing cloud infrastructure, optimizing deployments, and security.","Hyderabad, India",Contract,2024-06-04 00:00:00
245,1245,8,Cloud Engineer,"Hiring a Cloud Engineer with expertise in AWS, Azure, or GCP. Responsibilities include managing cloud infrastructure, optimizing deployments, and security.","Mumbai, India",Contract,2024-05-18 00:00:00
246,1246,7,DevOps Engineer,"Hiring a DevOps Engineer with hands-on experience in Docker, Kubernetes, CI/CD pipelines, Jenkins, Git, and cloud platforms such as AWS or Azure.","Bangalore, India",Internship,2024-09-24 00:00:00
247,1247,9,Full Stack Engineer,"Hiring a Full Stack Engineer with experience in React, backend frameworks like Django or Node.js, API development, and databases. The candidate should deliver end-to-end features across the stack.",Remote,Part-time,2024-01-14 00:00:00
248,1248,10,DevOps Engineer,"Hiring a DevOps Engineer with hands-on experience in Docker, Kubernetes, CI/CD pipelines, Jenkins, Git, and cloud platforms such as AWS or Azure.","Delhi, India",Full-time,2024-05-15 00:00:00
249,1249,6,Full Stack Engineer,"Hiring a Full Stack Engineer with experience in React, backend frameworks like Django or Node.js, API development, and databases. The candidate should deliver end-to-end features across the stack.","Hyderabad, India",Part-time,2024-02-14 00:00:00
250,1250,9,Backend Engineer,"We are looking for a Backend Engineer with strong experience in Python, FastAPI or Django, REST APIs, and relational databases such as PostgreSQL. The role involves designing scalable backend systems, handling authentication, and integrating third-party services.",Remote,Internship,2024-07-16 00:00:00
251,1251,10,Backend Engineer,"We are looking for a Backend Engineer with strong experience in Python, FastAPI or Django, REST APIs, and relational databases such as PostgreSQL. The role involves designing scalable backend systems, handling authentication, and integrating third-party services.","Delhi, India",Contract,2024-05-04 00:00:00
252,1252,7,Data Analyst,"Looking for a Data Analyst with strong skills in SQL, Python, Pandas, and data visualization tools such as Power BI or Tableau. Responsibilities include analyzing datasets, building dashboards, and generating business insights.","Mumbai, India",Internship,2024-12-27 00:00:00
253,1253,2,Cloud Engineer,"Hiring a Cloud Engineer with expertise in AWS, Azure, or GCP. Responsibilities include managing cloud infrastructure, optimizing deployments, and security.","Delhi, India",Contract,2024-09-29 00:00:00
254,1254,6,Full Stack Engineer,"Hiring a Full Stack Engineer with experience in React, backend frameworks like Django or Node.js, API development, and databases. The candidate should deliver end-to-end features across the stack.","Bangalore, India",Contract,2024-05-14 00:00:00
255,1255,9,Frontend Engineer,"Seeking a Frontend Engineer skilled in React, JavaScript, HTML, CSS, and modern UI frameworks. Responsibilities include building responsive interfaces, collaborating with backend teams, and ensuring high-quality user experience.","Delhi, India",Contract,2024-01-02 00:00:00
256,1256,7,Data Analyst,"Looking for a Data Analyst with strong skills in SQL, Python, Pandas, and data visualization tools such as Power BI or Tableau. Responsibilities include analyzing datasets, building dashboards, and generating business insights.","Bangalore, India",Full-time,2024-07-21 00:00:00
257,1257,6,Frontend Engineer,"Seeking a Frontend Engineer skilled in React, JavaScript, HTML, CSS, and modern UI frameworks. Responsibilities include building responsive interfaces, collaborating with backend teams, and ensuring high-quality user experience.",Remote,Full-time,2024-07-22 00:00:00
258,1258,4,Data Engineer,"We are hiring a Data Engineer experienced in ETL pipelines, SQL databases, Python, and data processing systems. Knowledge of data warehousing is a plus.",Remote,Full-time,2024-12-24 00:00:00
259,1259,3,QA Automation Engineer,"Looking for a QA Automation Engineer with experience in Selenium, Python, automation frameworks, and CI/CD integration to ensure software quality.","Hyderabad, India",Contract,2024-02-06 00:00:00
260,1260,3,DevOps Engineer,"Hiring a DevOps Engineer with hands-on experience in Docker, Kubernetes, CI/CD pipelines, Jenkins, Git, and cloud platforms such as AWS or Azure.","Pune, India",Part-time,2024-08-21 00:00:00
261,1261,1,Machine Learning Engineer,"Seeking a Machine Learning Engineer with experience in Python, machine learning, scikit-learn, model training, and deployment. Familiarity with NLP and embeddings is preferred.","Delhi, India",Contract,2024-09-19 00:00:00
262,1262,4,Frontend Engineer,"Seeking a Frontend Engineer skilled in React, JavaScript, HTML, CSS, and modern UI frameworks. Responsibilities include building responsive interfaces, collaborating with backend teams, and ensuring high-quality user experience.","Bangalore, India",Internship,2024-05-26 00:00:00
263,1263,10,Full Stack Engineer,"Hiring a Full Stack Engineer with experience in React, backend frameworks like Django or Node.js, API development, and databases. The candidate should deliver end-to-end features across the stack.","Pune, India",Part-time,2024-08-02 00:00:00
264,1264,6,Software Engineer,"We are seeking a Software Engineer proficient in Python or Java, with strong software development fundamentals, debugging skills, and system design knowledge.","Pune, India",Full-time,2024-06-25 00:00:00
265,1265,8,Machine Learning Engineer,"Seeking a Machine Learning Engineer with experience in Python, machine learning, scikit-learn, model training, and deployment. Familiarity with NLP and embeddings is preferred.","Delhi, India",Part-time,2024-11-23 00:00:00
266,1266,5,Machine Learning Engineer,"Seeking a Machine Learning Engineer with experience in Python, machine learning, scikit-learn, model training, and deployment. Familiarity with NLP and embeddings is preferred.","Mumbai, India",Part-time,2024-09-23 00:00:00
267,1267,2,Machine Learning Engineer,"Seeking a Machine Learning Engineer with experience in Python, machine learning, scikit-learn, model training, and deployment. Familiarity with NLP and embeddings is preferred.","Delhi, India",Internship,2024-03-08 00:00:00
268,1268,2,Frontend Engineer,"Seeking a Frontend Engineer skilled in React, JavaScript, HTML, CSS, and modern UI frameworks. Responsibilities include building responsive interfaces, collaborating with backend teams, and ensuring high-quality user experience.","Pune, India",Part-time,2024-12-31 00:00:00
269,1269,6,DevOps Engineer,"Hiring a DevOps Engineer with hands-on experience in Docker, Kubernetes, CI/CD pipelines, Jenkins, Git, and cloud platforms such as AWS or Azure.","Delhi, India",Contract,2024-11-19 00:00:00
270,1270,2,Software Engineer,"We are seeking a Software Engineer proficient in Python or Java, with strong software development fundamentals, debugging skills, and system design knowledge.","Pune, India",Contract,2024-06-15 00:00:00
271,1271,4,Frontend Engineer,"Seeking a Frontend Engineer skilled in React, JavaScript, HTML, CSS, and modern UI frameworks. Responsibilities include building responsive interfaces, collaborating with backend teams, and ensuring high-quality user experience.","Mumbai, India",Part-time,2024-03-01 00:00:00
272,1272,9,Cybersecurity Analyst,"Looking for a Cybersecurity Analyst with knowledge of cybersecurity, network security, penetration testing, ethical hacking, and risk assessment.","Delhi, India",Contract,2024-03-06 00:00:00
273,1273,9,Cloud Engineer,"Hiring a Cloud Engineer with expertise in AWS, Azure, or GCP. Responsibilities include managing cloud infrastructure, optimizing deployments, and security.","Delhi, India",Internship,2024-01-15 00:00:00
274,1274,9,Backend Engineer,"We are looking for a Backend Engineer with strong experience in Python, FastAPI or Django, REST APIs, and relational databases such as PostgreSQL. The role involves designing scalable backend systems, handling authentication, and integrating third-party services.","Bangalore, India",Internship,2024-09-05 00:00:00
275,1275,7,Cybersecurity Analyst,"Looking for a Cybersecurity Analyst with knowledge of cybersecurity, network security, penetration testing, ethical hacking, and risk assessment.","Pune, India",Contract,2024-12-02 00:00:00
276,1276,4,Software Engineer,"We are seeking a Software Engineer proficient in Python or Java, with strong software development fundamentals, debugging skills, and system design knowledge.","Delhi, India",Part-time,2024-11-14 00:00:00
277,1277,5,Software Engineer,"We are seeking a Software Engineer proficient in Python or Java, with strong software development fundamentals, debugging skills, and system design knowledge.","Delhi, India",Full-time,2024-02-13 00:00:00
278,1278,4,Software Engineer,"We are seeking a Software Engineer proficient in Python or Java, with strong software development fundamentals, debugging skills, and system design knowledge.","Bangalore, India",Part-time,2024-02-29 00:00:00
279,1279,9,QA Automation Engineer,"Looking for a QA Automation Engineer with experience in Selenium, Python, automation frameworks, and CI/CD integration to ensure software quality.","Pune, India",Contract,2024-02-10 00:00:00
280,1280,8,Frontend Engineer,"Seeking a Frontend Engineer skilled in React, JavaScript, HTML, CSS, and modern UI frameworks. Responsibilities include building responsive interfaces, collaborating with backend teams, and ensuring high-quality user experience.","Pune, India",Internship,2024-06-14 00:00:00
281,1281,3,Frontend Engineer,"Seeking a Frontend Engineer skilled in React, JavaScript, HTML, CSS, and modern UI frameworks. Responsibilities include building responsive interfaces, collaborating with backend teams, and ensuring high-quality user experience.","Hyderabad, India",Part-time,2024-01-05 00:00:00
282,1282,4,Backend Engineer,"We are looking for a Backend Engineer with strong experience in Python, FastAPI or Django, REST APIs, and relational databases such as PostgreSQL. The role involves designing scalable backend systems, handling authentication, and integrating third-party services.","Hyderabad, India",Full-time,2024-03-04 00:00:00
283,1283,4,Software Engineer,"We are seeking a Software Engineer proficient in Python or Java, with strong software development fundamentals, debugging skills, and system design knowledge.","Delhi, India",Part-time,2024-07-30 00:00:00
284,1284,9,Data Engineer,"We are hiring a Data Engineer experienced in ETL pipelines, SQL databases, Python, and data processing systems. Knowledge of data warehousing is a plus.","Mumbai, India",Internship,2024-10-14 00:00:00
285,1285,1,Frontend Engineer,"Seeking a Frontend Engineer skilled in React, JavaScript, HTML, CSS, and modern UI frameworks. Responsibilities include building responsive interfaces, collaborating with backend teams, and ensuring high-quality user experience.","Hyderabad, India",Full-time,2024-01-15 00:00:00
286,1286,6,QA Automation Engineer,"Looking for a QA Automation Engineer with experience in Selenium, Python, automation frameworks, and CI/CD integration to ensure software quality.","Pune, India",Internship,2024-10-16 00:00:00
287,1287,2,Data Engineer,"We are hiring a Data Engineer experienced in ETL pipelines, SQL databases, Python, and data processing systems. Knowledge of data warehousing is a plus.","Delhi, India",Contract,2024-11-22 00:00:00
288,1288,9,Data Analyst,"Looking for a Data Analyst with strong skills in SQL, Python, Pandas, and data visualization tools such as Power BI or Tableau. Responsibilities include analyzing datasets, building dashboards, and generating business insights.","Bangalore, India",Full-time,2024-01-30 00:00:00
289,1289,3,Frontend Engineer,"Seeking a Frontend Engineer skilled in React, JavaScript, HTML, CSS, and modern UI frameworks. Responsibilities include building responsive interfaces, collaborating with backend teams, and ensuring high-quality user experience.","Mumbai, India",Full-time,2024-01-27 00:00:00
290,1290,1,QA Automation Engineer,"Looking for a QA Automation Engineer with experience in Selenium, Python, automation frameworks, and CI/CD integration to ensure software quality.","Pune, India",Contract,2024-07-05 00:00:00
291,1291,10,Machine Learning Engineer,"Seeking a Machine Learning Engineer with experience in Python, machine learning, scikit-learn, model training, and deployment. Familiarity with NLP and embeddings is preferred.","Mumbai, India",Full-time,2024-08-14 00:00:00
292,1292,6,Cloud Engineer,"Hiring a Cloud Engineer with expertise in AWS, Azure, or GCP. Responsibilities include managing cloud infrastructure, optimizing deployments, and security.","Bangalore, India",Full-time,2024-10-19 00:00:00
293,1293,2,Cybersecurity Analyst,"Looking for a Cybersecurity Analyst with knowledge of cybersecurity, network security, penetration testing, ethical hacking, and risk assessment.","Delhi, India",Contract,2024-11-07 00:00:00
294,1294,3,Software Engineer,"We are seeking a Software Engineer proficient in Python or Java, with strong software development fundamentals, debugging skills, and system design knowledge.","Mumbai, India",Internship,2024-04-03 00:00:00
295,1295,4,DevOps Engineer,"Hiring a DevOps Engineer with hands-on experience in Docker, Kubernetes, CI/CD pipelines, Jenkins, Git, and cloud platforms such as AWS or Azure.","Mumbai, India",Contract,2024-06-23 00:00:00
296,1296,4,Software Engineer,"We are seeking a Software Engineer proficient in Python or Java, with strong software development fundamentals, debugging skills, and system design knowledge.","Delhi, India",Internship,2024-09-27 00:00:00
297,1297,4,DevOps Engineer,"Hiring a DevOps Engineer with hands-on experience in Docker, Kubernetes, CI/CD pipelines, Jenkins, Git, and cloud platforms such as AWS or Azure.",Remote,Full-time,2024-09-14 00:00:00
298,1298,8,QA Automation Engineer,"Looking for a QA Automation Engineer with experience in Selenium, Python, automation frameworks, and CI/CD integration to ensure software quality.","Hyderabad, India",Contract,2024-01-26 00:00:00
299,1299,9,Backend Engineer,"We are looking for a Backend Engineer with strong experience in Python, FastAPI or Django, REST APIs, and relational databases such as PostgreSQL. The role involves designing scalable backend systems, handling authentication, and integrating third-party services.","Delhi, India",Internship,2024-12-07 00:00:00
300,1300,7,DevOps Engineer,"Hiring a DevOps Engineer with hands-on experience in Docker, Kubernetes, CI/CD pipelines, Jenkins, Git, and cloud platforms such as AWS or Azure.","Bangalore, India",Internship,2024-04-21 00:00:00
